DROP ALL OBJECTS;

--------------------------------------------------------
--  DDL for Table DATA_TYP_T
--------------------------------------------------------

CREATE TABLE IF NOT EXISTS "DATA_TYP_T"
(	"DATA_TYP_ID" NUMBER(10,0),
    "DATA_TYP_NM" VARCHAR2(255),
    "CRT_USER_ID" VARCHAR2(15),
    "CRT_DTTM" DATE,
    "LST_UPDT_USER_ID" VARCHAR2(15),
    "LST_UPDT_DTTM" DATE
    ) ;
--------------------------------------------------------
--  DDL for Table DATA_TYP_ECRP_KEY_T
--------------------------------------------------------

CREATE TABLE IF NOT EXISTS "DATA_TYP_ECRP_KEY_T"
(	"DATA_TYP_ECRP_KEY_ID" NUMBER(10,0),
    "DATA_TYP_ID" NUMBER(10,0),
    "CRT_DTTM" DATE,
    "KEY_EFF_STRT_DT" DATE,
    "KEY_EFF_END_DT" DATE,
    "ECRP_KEY_ID" NUMBER(10,0),
    "JAVA_DATA_OBJ_VER_NBR" NUMBER(8,0),
    "CRT_USER_ID" VARCHAR2(15),
    "LST_UPDT_USER_ID" VARCHAR2(15),
    "LST_UPDT_DTTM" DATE,
    "HASH_ALGR_ID" NUMBER(10,0),
    PRIMARY KEY ("DATA_TYP_ECRP_KEY_ID")
    ) ;
--------------------------------------------------------
--  DDL for Table ECRP_KEY_T
--------------------------------------------------------

CREATE TABLE IF NOT EXISTS "ECRP_KEY_T"
(	"ECRP_KEY_ID" NUMBER(10,0),
    "KEY_ALGR_TXT" VARCHAR2(255),
    "INI_VCTR_BINY" BLOB,
    "KEY_NM" VARCHAR2(255),
    "KEY_PVDR_NM" VARCHAR2(255),
    "CRT_DTTM" DATE,
    "CRT_USER_ID" VARCHAR2(15),
    "LST_UPDT_USER_ID" VARCHAR2(15),
    "JAVA_DATA_OBJ_VER_NBR" NUMBER(8,0),
    "LST_UPDT_DTTM" DATE
    ) ;

--------------------------------------------------------
--  DDL for Table HASH_ALGR_T
--------------------------------------------------------

CREATE TABLE IF NOT EXISTS "HASH_ALGR_T"
(	"HASH_ALGR_ID" NUMBER(10,0),
    "HASH_ALGR_NM" VARCHAR2(20),
    "CRT_DTTM" DATE,
    "CRT_USER_ID" VARCHAR2(15),
    "LST_UPDT_USER_ID" VARCHAR2(15),
    "LST_UPDT_DTTM" DATE
    ) ;
--------------------------------------------------------
--  DDL for Table ECRP_DATA_03_T
--------------------------------------------------------

CREATE TABLE IF NOT EXISTS "ECRP_DATA_03_T"
(	"VLT_ID" VARCHAR2(32),
    "CRT_DTTM" DATE,
    "DATA_TYP_ECRP_KEY_ID" NUMBER(10,0),
    "ECRP_DATA_BINY" BLOB,
    "HASH_DATA_TXT" VARCHAR2(255),
    "JAVA_DATA_OBJ_VER_NBR" NUMBER(8,0),
    "CRT_USER_ID" VARCHAR2(15),
    "LST_UPDT_USER_ID" VARCHAR2(15),
    "LST_UPDT_DTTM" DATE,
    PRIMARY KEY ("VLT_ID")
    );
--------------------------------------------------------
--  DDL for Table ECRP_DATA_01_T
--------------------------------------------------------

CREATE TABLE IF NOT EXISTS "ECRP_DATA_01_T"
(	"VLT_ID" VARCHAR2(32),
    "CRT_DTTM" DATE,
    "DATA_TYP_ECRP_KEY_ID" NUMBER(10,0),
    "ECRP_DATA_BINY" BLOB,
    "HASH_DATA_TXT" VARCHAR2(255),
    "JAVA_DATA_OBJ_VER_NBR" NUMBER(8,0),
    "CRT_USER_ID" VARCHAR2(15),
    "LST_UPDT_USER_ID" VARCHAR2(15),
    "LST_UPDT_DTTM" DATE,
    PRIMARY KEY ("VLT_ID")
    );

--------------------------------------------------------
--  DDL for Table ECRP_DATA_04_T
--------------------------------------------------------

CREATE TABLE IF NOT EXISTS "ECRP_DATA_04_T"
(	"VLT_ID" VARCHAR2(32),
    "TOKN_FRMT_TXT" VARCHAR2(25),
    "PMT_ACCT_TOKN_NBR" VARCHAR2(25),
    "CRT_USER_ID" VARCHAR2(15),
    "LST_UPDT_USER_ID" VARCHAR2(15),
    "LST_UPDT_DTTM" DATE,
    "CRT_DTTM" DATE,
    "BFTOKEN" VARCHAR2(32),
    "BFID" VARCHAR2(255),
    PRIMARY KEY ("VLT_ID")
    ) ;

--------------------------------------------------------
--  DDL for Table LOOKUP_DATA
--------------------------------------------------------

CREATE TABLE IF NOT EXISTS "LOOKUP_DATA"
(	"LookupId" NUMBER(8,0),
     "LookupKey" VARCHAR2(20),
     "LookupValue" VARCHAR2(20),
     PRIMARY KEY ("LookupId")
) ;


Insert into ECRP_KEY_T (ECRP_KEY_ID,KEY_ALGR_TXT,KEY_NM,KEY_PVDR_NM,CRT_DTTM,CRT_USER_ID,LST_UPDT_USER_ID,JAVA_DATA_OBJ_VER_NBR,LST_UPDT_DTTM) values (21,'AES/CBC/PKCS5Padding','VaultKey2','IngrianProvider','2005-03-31','Dave','Dave',1,'2005-03-31');
Insert into ECRP_KEY_T (ECRP_KEY_ID,KEY_ALGR_TXT,KEY_NM,KEY_PVDR_NM,CRT_DTTM,CRT_USER_ID,LST_UPDT_USER_ID,JAVA_DATA_OBJ_VER_NBR,LST_UPDT_DTTM) values (22,'AES/CBC/PKCS5Padding','VaultKey2','IngrianProvider','2005-03-31','Dave','Dave',1,'2005-03-31');
Insert into ECRP_KEY_T (ECRP_KEY_ID,KEY_ALGR_TXT,KEY_NM,KEY_PVDR_NM,CRT_DTTM,CRT_USER_ID,LST_UPDT_USER_ID,JAVA_DATA_OBJ_VER_NBR,LST_UPDT_DTTM) values (31,'AES/CBC/PKCS5Padding','VaultKey2','IngrianProvider','2005-03-31','Dave','Dave',1,'2005-03-31');
Insert into ECRP_KEY_T (ECRP_KEY_ID,KEY_ALGR_TXT,KEY_NM,KEY_PVDR_NM,CRT_DTTM,CRT_USER_ID,LST_UPDT_USER_ID,JAVA_DATA_OBJ_VER_NBR,LST_UPDT_DTTM) values (32,'AES/CBC/PKCS5Padding','VaultKey2','IngrianProvider','2005-03-31','Dave','Dave',1,'2005-03-31');
Insert into ECRP_KEY_T (ECRP_KEY_ID,KEY_ALGR_TXT,KEY_NM,KEY_PVDR_NM,CRT_DTTM,CRT_USER_ID,LST_UPDT_USER_ID,JAVA_DATA_OBJ_VER_NBR,LST_UPDT_DTTM) values (1,'AES/CBC/PKCS5Padding','VaultKey2','IngrianProvider','2005-03-31','Dave','Dave',1,'2005-03-31');
Insert into ECRP_KEY_T (ECRP_KEY_ID,KEY_ALGR_TXT,KEY_NM,KEY_PVDR_NM,CRT_DTTM,CRT_USER_ID,LST_UPDT_USER_ID,JAVA_DATA_OBJ_VER_NBR,LST_UPDT_DTTM) values (11,'AES/CBC/PKCS5Padding','VaultKey2','IngrianProvider','2005-03-31','Dave','Dave',1,'2005-03-31');
Insert into ECRP_KEY_T (ECRP_KEY_ID,KEY_ALGR_TXT,KEY_NM,KEY_PVDR_NM,CRT_DTTM,CRT_USER_ID,LST_UPDT_USER_ID,JAVA_DATA_OBJ_VER_NBR,LST_UPDT_DTTM) values (265121331,'AES/CBC/PKCS5Padding','CreditCardKey25','IngrianProvider','2007-08-26','harish','harish',null,'2007-08-26');
Insert into ECRP_KEY_T (ECRP_KEY_ID,KEY_ALGR_TXT,KEY_NM,KEY_PVDR_NM,CRT_DTTM,CRT_USER_ID,LST_UPDT_USER_ID,JAVA_DATA_OBJ_VER_NBR,LST_UPDT_DTTM) values (1979197466,'AES/CBC/PKCS5Padding','CreditCardKey25','IngrianProvider','2007-08-27','harish','harish',null,'2007-08-27');
Insert into ECRP_KEY_T (ECRP_KEY_ID,KEY_ALGR_TXT,KEY_NM,KEY_PVDR_NM,CRT_DTTM,CRT_USER_ID,LST_UPDT_USER_ID,JAVA_DATA_OBJ_VER_NBR,LST_UPDT_DTTM) values (677482650,'AES/CBC/PKCS5Padding','CreditCardKey25','IngrianProvider','2007-08-27','harish','harish',null,'2007-08-27');
Insert into ECRP_KEY_T (ECRP_KEY_ID,KEY_ALGR_TXT,KEY_NM,KEY_PVDR_NM,CRT_DTTM,CRT_USER_ID,LST_UPDT_USER_ID,JAVA_DATA_OBJ_VER_NBR,LST_UPDT_DTTM) values (794417228,'AES/CBC/PKCS5Padding','TestKeyB','IngrianProvider','2008-03-10','harish','harish',null,'2008-03-10');
Insert into ECRP_KEY_T (ECRP_KEY_ID,KEY_ALGR_TXT,KEY_NM,KEY_PVDR_NM,CRT_DTTM,CRT_USER_ID,LST_UPDT_USER_ID,JAVA_DATA_OBJ_VER_NBR,LST_UPDT_DTTM) values (1885311985,'AES/CBC/PKCS5Padding','TestKeyC','IngrianProvider','2008-03-11','harish','harish',null,'2008-03-11');
Insert into ECRP_KEY_T (ECRP_KEY_ID,KEY_ALGR_TXT,KEY_NM,KEY_PVDR_NM,CRT_DTTM,CRT_USER_ID,LST_UPDT_USER_ID,JAVA_DATA_OBJ_VER_NBR,LST_UPDT_DTTM) values (226068416,'AES/CBC/PKCS5Padding','VDEV_2008-03-13_SVCPIN_02','IngrianProvider','2008-03-24','TD-20380','TD-20380',null,'2008-03-24');
Insert into ECRP_KEY_T (ECRP_KEY_ID,KEY_ALGR_TXT,KEY_NM,KEY_PVDR_NM,CRT_DTTM,CRT_USER_ID,LST_UPDT_USER_ID,JAVA_DATA_OBJ_VER_NBR,LST_UPDT_DTTM) values (925641597,'AES/CBC/PKCS5Padding','VDEV_2008-03-13_GIFTPIN_02','IngrianProvider','2008-03-24','TD-20380','TD-20380',null,'2008-03-24');
Insert into ECRP_KEY_T (ECRP_KEY_ID,KEY_ALGR_TXT,KEY_NM,KEY_PVDR_NM,CRT_DTTM,CRT_USER_ID,LST_UPDT_USER_ID,JAVA_DATA_OBJ_VER_NBR,LST_UPDT_DTTM, INI_VCTR_BINY) values (880730763,'AES/CBC/PKCS5Padding','VDEV_2008-03-13_SVCNO_02','IngrianProvider','2008-03-24','TD-20380','TD-20380',null,'2008-03-24',StringToUTF8('initialization.v'));
Insert into ECRP_KEY_T (ECRP_KEY_ID,KEY_ALGR_TXT,KEY_NM,KEY_PVDR_NM,CRT_DTTM,CRT_USER_ID,LST_UPDT_USER_ID,JAVA_DATA_OBJ_VER_NBR,LST_UPDT_DTTM) values (1183271357,'AES/CBC/PKCS5Padding','VDEV-2010-03-04_SVCNO_01','IngrianProvider','2010-03-17','2010-Rotation','2010-Rotation',null,'2010-03-17');
Insert into ECRP_KEY_T (ECRP_KEY_ID,KEY_ALGR_TXT,KEY_NM,KEY_PVDR_NM,CRT_DTTM,CRT_USER_ID,LST_UPDT_USER_ID,JAVA_DATA_OBJ_VER_NBR,LST_UPDT_DTTM) values (204811025,'AES/CBC/PKCS5Padding','CreditCardKey25','IngrianProvider','2007-08-27','harish','harish',null,'2007-08-27');
Insert into ECRP_KEY_T (ECRP_KEY_ID,KEY_ALGR_TXT,KEY_NM,KEY_PVDR_NM,CRT_DTTM,CRT_USER_ID,LST_UPDT_USER_ID,JAVA_DATA_OBJ_VER_NBR,LST_UPDT_DTTM) values (298034979,'AES/CBC/PKCS5Padding','VDEV_2008-03-13_GCNO_01','IngrianProvider','2008-03-08','TD-20380','TD-20380',null,'2008-03-08');
Insert into ECRP_KEY_T (ECRP_KEY_ID,KEY_ALGR_TXT,KEY_NM,KEY_PVDR_NM,CRT_DTTM,CRT_USER_ID,LST_UPDT_USER_ID,JAVA_DATA_OBJ_VER_NBR,LST_UPDT_DTTM,INI_VCTR_BINY) values (2140349647,'AES/CBC/PKCS5Padding','VDEV_2008-03-13_GIFTPIN_01','IngrianProvider','2008-03-08','TD-20380','TD-20380',null,'2008-03-08',StringToUTF8('initialization.v'));
Insert into ECRP_KEY_T (ECRP_KEY_ID,KEY_ALGR_TXT,KEY_NM,KEY_PVDR_NM,CRT_DTTM,CRT_USER_ID,LST_UPDT_USER_ID,JAVA_DATA_OBJ_VER_NBR,LST_UPDT_DTTM,INI_VCTR_BINY) values (1518210394,'AES/CBC/PKCS5Padding','VDEV_2008-03-13_SVCNO_01','IngrianProvider','2008-03-08','TD-20380','TD-20380',null,'2008-03-08',StringToUTF8('initialization.v'));
Insert into ECRP_KEY_T (ECRP_KEY_ID,KEY_ALGR_TXT,KEY_NM,KEY_PVDR_NM,CRT_DTTM,CRT_USER_ID,LST_UPDT_USER_ID,JAVA_DATA_OBJ_VER_NBR,LST_UPDT_DTTM) values (1775179499,'AES/CBC/PKCS5Padding','VDEV_2008-03-13_SVCPIN_01','IngrianProvider','2008-03-08','TD-20380','TD-20380',null,'2008-03-08');
Insert into ECRP_KEY_T (ECRP_KEY_ID,KEY_ALGR_TXT,KEY_NM,KEY_PVDR_NM,CRT_DTTM,CRT_USER_ID,LST_UPDT_USER_ID,JAVA_DATA_OBJ_VER_NBR,LST_UPDT_DTTM,INI_VCTR_BINY) values (904715784,'AES/CBC/PKCS5Padding','VDEV_2008-03-13_CCEXPMTH_01','IngrianProvider','2008-03-08','TD-20380','TD-20380',null,'2008-03-08',StringToUTF8('initialization.v'));
Insert into ECRP_KEY_T (ECRP_KEY_ID,KEY_ALGR_TXT,KEY_NM,KEY_PVDR_NM,CRT_DTTM,CRT_USER_ID,LST_UPDT_USER_ID,JAVA_DATA_OBJ_VER_NBR,LST_UPDT_DTTM) values (1122531190,'AES/CBC/PKCS5Padding','VDEV_2008-03-13_CCEXPYR_01','IngrianProvider','2008-03-08','TD-20380','TD-20380',null,'2008-03-08');
Insert into ECRP_KEY_T (ECRP_KEY_ID,KEY_ALGR_TXT,KEY_NM,KEY_PVDR_NM,CRT_DTTM,CRT_USER_ID,LST_UPDT_USER_ID,JAVA_DATA_OBJ_VER_NBR,LST_UPDT_DTTM) values (1380423462,'AES/CBC/PKCS5Padding','VDEV_2008-03-13_CCNO_01','IngrianProvider','2008-03-08','TD-20380','TD-20380',null,'2008-03-08');
Insert into ECRP_KEY_T (ECRP_KEY_ID,KEY_ALGR_TXT,KEY_NM,KEY_PVDR_NM,CRT_DTTM,CRT_USER_ID,LST_UPDT_USER_ID,JAVA_DATA_OBJ_VER_NBR,LST_UPDT_DTTM,INI_VCTR_BINY) values (418192863,'AES/CBC/PKCS5Padding','VDEV_2008-03-13_PWD_01','IngrianProvider','2008-03-20','TD-20380','TD-20380',null,'2008-03-20',StringToUTF8('initialization.v'));
Insert into ECRP_KEY_T (ECRP_KEY_ID,KEY_ALGR_TXT,KEY_NM,KEY_PVDR_NM,CRT_DTTM,CRT_USER_ID,LST_UPDT_USER_ID,JAVA_DATA_OBJ_VER_NBR,LST_UPDT_DTTM) values (1380923317,'AES/CBC/PKCS5Padding','VDEV_2008-03-13_SVCPIN_02','IngrianProvider','2008-03-24','TD-20380','TD-20380',null,'2008-03-24');
Insert into ECRP_KEY_T (ECRP_KEY_ID,KEY_ALGR_TXT,KEY_NM,KEY_PVDR_NM,CRT_DTTM,CRT_USER_ID,LST_UPDT_USER_ID,JAVA_DATA_OBJ_VER_NBR,LST_UPDT_DTTM) values (516644039,'AES/CBC/PKCS5Padding','VDEV_2008-03-13_SVCPIN_01','IngrianProvider','2008-03-24','TD-20380','TD-20380',null,'2008-03-24');
Insert into ECRP_KEY_T (ECRP_KEY_ID,KEY_ALGR_TXT,KEY_NM,KEY_PVDR_NM,CRT_DTTM,CRT_USER_ID,LST_UPDT_USER_ID,JAVA_DATA_OBJ_VER_NBR,LST_UPDT_DTTM) values (485206701,'AES/CBC/PKCS5Padding','VDEV_2008-03-13_GCNO_02','IngrianProvider','2008-03-24','TD-20380','TD-20380',null,'2008-03-24');
Insert into ECRP_KEY_T (ECRP_KEY_ID,KEY_ALGR_TXT,KEY_NM,KEY_PVDR_NM,CRT_DTTM,CRT_USER_ID,LST_UPDT_USER_ID,JAVA_DATA_OBJ_VER_NBR,LST_UPDT_DTTM) values (901451314,'AES/CBC/PKCS5Padding','VDEV_2008-03-13_SVCPIN_01','IngrianProvider','2008-03-24','TD-20380','TD-20380',null,'2008-03-24');
Insert into ECRP_KEY_T (ECRP_KEY_ID,KEY_ALGR_TXT,KEY_NM,KEY_PVDR_NM,CRT_DTTM,CRT_USER_ID,LST_UPDT_USER_ID,JAVA_DATA_OBJ_VER_NBR,LST_UPDT_DTTM) values (1995474492,'AES/CBC/PKCS5Padding','VDEV_2008-03-13_CCEXPMTH_02','IngrianProvider','2008-03-24','TD-20380','TD-20380',null,'2008-03-24');
Insert into ECRP_KEY_T (ECRP_KEY_ID,KEY_ALGR_TXT,KEY_NM,KEY_PVDR_NM,CRT_DTTM,CRT_USER_ID,LST_UPDT_USER_ID,JAVA_DATA_OBJ_VER_NBR,LST_UPDT_DTTM) values (625602182,'AES/CBC/PKCS5Padding','VDEV_2008-03-13_CCEXPYR_02','IngrianProvider','2008-03-24','TD-20380','TD-20380',null,'2008-03-24');
Insert into ECRP_KEY_T (ECRP_KEY_ID,KEY_ALGR_TXT,KEY_NM,KEY_PVDR_NM,CRT_DTTM,CRT_USER_ID,LST_UPDT_USER_ID,JAVA_DATA_OBJ_VER_NBR,LST_UPDT_DTTM) values (676232018,'AES/CBC/PKCS5Padding','VDEV_2008-03-13_CCNO_02','IngrianProvider','2008-03-24','TD-20380','TD-20380',null,'2008-03-24');
Insert into ECRP_KEY_T (ECRP_KEY_ID,KEY_ALGR_TXT,KEY_NM,KEY_PVDR_NM,CRT_DTTM,CRT_USER_ID,LST_UPDT_USER_ID,JAVA_DATA_OBJ_VER_NBR,LST_UPDT_DTTM) values (115559428,'AES/CBC/PKCS5Padding','VDEV_2008-03-13_PWD_02','IngrianProvider','2008-03-25','TD-20380','TD-20380',null,'2008-03-25');
Insert into ECRP_KEY_T (ECRP_KEY_ID,KEY_ALGR_TXT,KEY_NM,KEY_PVDR_NM,CRT_DTTM,CRT_USER_ID,LST_UPDT_USER_ID,JAVA_DATA_OBJ_VER_NBR,LST_UPDT_DTTM) values (1233888921,'AES/CBC/PKCS5Padding','PROD_2008-03-26_SVCNO_01','IngrianProvider','2010-03-02','CR-118811','CR-118811',null,'2010-03-02');
Insert into ECRP_KEY_T (ECRP_KEY_ID,KEY_ALGR_TXT,KEY_NM,KEY_PVDR_NM,CRT_DTTM,CRT_USER_ID,LST_UPDT_USER_ID,JAVA_DATA_OBJ_VER_NBR,LST_UPDT_DTTM) values (227292901,'AES/CBC/PKCS5Padding','VDEV-2010-03-04_SVCPIN_01','IngrianProvider','2010-03-17','2010-Rotation','2010-Rotation',null,'2010-03-17');
Insert into ECRP_KEY_T (ECRP_KEY_ID,KEY_ALGR_TXT,KEY_NM,KEY_PVDR_NM,CRT_DTTM,CRT_USER_ID,LST_UPDT_USER_ID,JAVA_DATA_OBJ_VER_NBR,LST_UPDT_DTTM,INI_VCTR_BINY) values (1577540118,'AES/CBC/PKCS5Padding','VDEV-2010-03-04_GCNO_01','IngrianProvider','2010-03-17','2010-Rotation','2010-Rotation',null,'2010-03-17', StringToUTF8('initialization.v'));
Insert into ECRP_KEY_T (ECRP_KEY_ID,KEY_ALGR_TXT,KEY_NM,KEY_PVDR_NM,CRT_DTTM,CRT_USER_ID,LST_UPDT_USER_ID,JAVA_DATA_OBJ_VER_NBR,LST_UPDT_DTTM,INI_VCTR_BINY) values (2095366493,'AES/CBC/PKCS5Padding','VDEV-2010-03-04_CCEXPMTH_01','IngrianProvider','2010-03-17','2010-Rotation','2010-Rotation',null,'2010-03-17',StringToUTF8('initialization.v'));
Insert into ECRP_KEY_T (ECRP_KEY_ID,KEY_ALGR_TXT,KEY_NM,KEY_PVDR_NM,CRT_DTTM,CRT_USER_ID,LST_UPDT_USER_ID,JAVA_DATA_OBJ_VER_NBR,LST_UPDT_DTTM) values (939680843,'AES/CBC/PKCS5Padding','VDEV-2010-03-04_CCNO_01','IngrianProvider','2010-03-17','2010-Rotation','2010-Rotation',null,'2010-03-17');
Insert into ECRP_KEY_T (ECRP_KEY_ID,KEY_ALGR_TXT,KEY_NM,KEY_PVDR_NM,CRT_DTTM,CRT_USER_ID,LST_UPDT_USER_ID,JAVA_DATA_OBJ_VER_NBR,LST_UPDT_DTTM,INI_VCTR_BINY) values (764468259,'AES/CBC/PKCS5Padding','VDEV-2010-03-04_PWD_01','IngrianProvider','2010-03-22','2010-Rotation','2010-Rotation',null,'2010-03-22',StringToUTF8('initialization.v'));
Insert into ECRP_KEY_T (ECRP_KEY_ID,KEY_ALGR_TXT,KEY_NM,KEY_PVDR_NM,CRT_DTTM,CRT_USER_ID,LST_UPDT_USER_ID,JAVA_DATA_OBJ_VER_NBR,LST_UPDT_DTTM) values (78263963,'AES/CBC/PKCS5Padding','CreditCardKey25','IngrianProvider','2007-08-27','harish','harish',null,'2007-08-27');
Insert into ECRP_KEY_T (ECRP_KEY_ID,KEY_ALGR_TXT,KEY_NM,KEY_PVDR_NM,CRT_DTTM,CRT_USER_ID,LST_UPDT_USER_ID,JAVA_DATA_OBJ_VER_NBR,LST_UPDT_DTTM) values (19633552,'AES/CBC/PKCS5Padding','CreditCardKey25','IngrianProvider','2007-08-27','harish','harish',null,'2007-08-27');
Insert into ECRP_KEY_T (ECRP_KEY_ID,KEY_ALGR_TXT,KEY_NM,KEY_PVDR_NM,CRT_DTTM,CRT_USER_ID,LST_UPDT_USER_ID,JAVA_DATA_OBJ_VER_NBR,LST_UPDT_DTTM,INI_VCTR_BINY) values (102515227,'AES/CBC/PKCS5Padding','VDEV-2010-03-04_GIFTPIN_01','IngrianProvider','2010-03-17','2010-Rotation','2010-Rotation',null,'2010-03-17',StringToUTF8('initialization.v'));
Insert into ECRP_KEY_T (ECRP_KEY_ID,KEY_ALGR_TXT,KEY_NM,KEY_PVDR_NM,CRT_DTTM,CRT_USER_ID,LST_UPDT_USER_ID,JAVA_DATA_OBJ_VER_NBR,LST_UPDT_DTTM,INI_VCTR_BINY) values (1894180146,'AES/CBC/PKCS5Padding','VDEV-2010-03-04_CCEXPYR_01','IngrianProvider','2010-03-17','2010-Rotation','2010-Rotation',null,'2010-03-17',StringToUTF8('initialization.v'));

Insert into DATA_TYP_ECRP_KEY_T (DATA_TYP_ECRP_KEY_ID,DATA_TYP_ID,CRT_DTTM,KEY_EFF_STRT_DT,KEY_EFF_END_DT,ECRP_KEY_ID,JAVA_DATA_OBJ_VER_NBR,CRT_USER_ID,LST_UPDT_USER_ID,LST_UPDT_DTTM,HASH_ALGR_ID) values (1,7,'2005-03-31','2005-01-01','2030-12-31',1,1,'Dave','mansar','2006-08-09',1);
Insert into DATA_TYP_ECRP_KEY_T (DATA_TYP_ECRP_KEY_ID,DATA_TYP_ID,CRT_DTTM,KEY_EFF_STRT_DT,KEY_EFF_END_DT,ECRP_KEY_ID,JAVA_DATA_OBJ_VER_NBR,CRT_USER_ID,LST_UPDT_USER_ID,LST_UPDT_DTTM,HASH_ALGR_ID) values (2,4,'2005-03-31','2005-01-01','2008-03-08',1,1,'Dave','TD-20380','2008-03-08',1);
Insert into DATA_TYP_ECRP_KEY_T (DATA_TYP_ECRP_KEY_ID,DATA_TYP_ID,CRT_DTTM,KEY_EFF_STRT_DT,KEY_EFF_END_DT,ECRP_KEY_ID,JAVA_DATA_OBJ_VER_NBR,CRT_USER_ID,LST_UPDT_USER_ID,LST_UPDT_DTTM,HASH_ALGR_ID) values (3,1,'2005-03-31','2005-01-01','2008-03-08',1,1,'Dave','TD-20380','2008-03-08',1);
Insert into DATA_TYP_ECRP_KEY_T (DATA_TYP_ECRP_KEY_ID,DATA_TYP_ID,CRT_DTTM,KEY_EFF_STRT_DT,KEY_EFF_END_DT,ECRP_KEY_ID,JAVA_DATA_OBJ_VER_NBR,CRT_USER_ID,LST_UPDT_USER_ID,LST_UPDT_DTTM,HASH_ALGR_ID) values (4,3,'2005-03-31','2005-01-01','2008-03-08',1,1,'Dave','TD-20380','2008-03-08',1);
Insert into DATA_TYP_ECRP_KEY_T (DATA_TYP_ECRP_KEY_ID,DATA_TYP_ID,CRT_DTTM,KEY_EFF_STRT_DT,KEY_EFF_END_DT,ECRP_KEY_ID,JAVA_DATA_OBJ_VER_NBR,CRT_USER_ID,LST_UPDT_USER_ID,LST_UPDT_DTTM,HASH_ALGR_ID) values (5,2,'2005-03-31','2005-01-01','2008-03-11',1,1,'Dave','harish','2008-03-11',1);
Insert into DATA_TYP_ECRP_KEY_T (DATA_TYP_ECRP_KEY_ID,DATA_TYP_ID,CRT_DTTM,KEY_EFF_STRT_DT,KEY_EFF_END_DT,ECRP_KEY_ID,JAVA_DATA_OBJ_VER_NBR,CRT_USER_ID,LST_UPDT_USER_ID,LST_UPDT_DTTM,HASH_ALGR_ID) values (6,6,'2005-03-31','2005-01-01','2008-03-08',1,1,'Dave','TD-20380','2008-03-08',1);
Insert into DATA_TYP_ECRP_KEY_T (DATA_TYP_ECRP_KEY_ID,DATA_TYP_ID,CRT_DTTM,KEY_EFF_STRT_DT,KEY_EFF_END_DT,ECRP_KEY_ID,JAVA_DATA_OBJ_VER_NBR,CRT_USER_ID,LST_UPDT_USER_ID,LST_UPDT_DTTM,HASH_ALGR_ID) values (7,5,'2005-03-31','2005-01-01','2008-03-08',1,1,'Dave','TD-20380','2008-03-08',1);
Insert into DATA_TYP_ECRP_KEY_T (DATA_TYP_ECRP_KEY_ID,DATA_TYP_ID,CRT_DTTM,KEY_EFF_STRT_DT,KEY_EFF_END_DT,ECRP_KEY_ID,JAVA_DATA_OBJ_VER_NBR,CRT_USER_ID,LST_UPDT_USER_ID,LST_UPDT_DTTM,HASH_ALGR_ID) values (8,8,'2005-03-31','2005-01-01','2008-03-08',1,1,'Dave','TD-20380','2008-03-08',1);
Insert into DATA_TYP_ECRP_KEY_T (DATA_TYP_ECRP_KEY_ID,DATA_TYP_ID,CRT_DTTM,KEY_EFF_STRT_DT,KEY_EFF_END_DT,ECRP_KEY_ID,JAVA_DATA_OBJ_VER_NBR,CRT_USER_ID,LST_UPDT_USER_ID,LST_UPDT_DTTM,HASH_ALGR_ID) values (1338313990,4,'2008-03-24','2008-03-24','2008-03-24',516644039,null,'TD-20380','TD-20380','2008-03-24',21);
Insert into DATA_TYP_ECRP_KEY_T (DATA_TYP_ECRP_KEY_ID,DATA_TYP_ID,CRT_DTTM,KEY_EFF_STRT_DT,KEY_EFF_END_DT,ECRP_KEY_ID,JAVA_DATA_OBJ_VER_NBR,CRT_USER_ID,LST_UPDT_USER_ID,LST_UPDT_DTTM,HASH_ALGR_ID) values (520193597,3,'2010-03-17','2010-03-17','2999-01-01',1183271357,null,'2010-Rotation','2010-Rotation','2010-03-17',21);
Insert into DATA_TYP_ECRP_KEY_T (DATA_TYP_ECRP_KEY_ID,DATA_TYP_ID,CRT_DTTM,KEY_EFF_STRT_DT,KEY_EFF_END_DT,ECRP_KEY_ID,JAVA_DATA_OBJ_VER_NBR,CRT_USER_ID,LST_UPDT_USER_ID,LST_UPDT_DTTM,HASH_ALGR_ID) values (808409643,1,'2010-03-17','2010-03-17','2999-01-01',1577540118,null,'2010-Rotation','2010-Rotation','2010-03-17',21);
Insert into DATA_TYP_ECRP_KEY_T (DATA_TYP_ECRP_KEY_ID,DATA_TYP_ID,CRT_DTTM,KEY_EFF_STRT_DT,KEY_EFF_END_DT,ECRP_KEY_ID,JAVA_DATA_OBJ_VER_NBR,CRT_USER_ID,LST_UPDT_USER_ID,LST_UPDT_DTTM,HASH_ALGR_ID) values (264454817,1,'2008-03-24','2008-03-24','2010-03-17',485206701,null,'TD-20380','2010-Rotation','2010-03-17',21);
Insert into DATA_TYP_ECRP_KEY_T (DATA_TYP_ECRP_KEY_ID,DATA_TYP_ID,CRT_DTTM,KEY_EFF_STRT_DT,KEY_EFF_END_DT,ECRP_KEY_ID,JAVA_DATA_OBJ_VER_NBR,CRT_USER_ID,LST_UPDT_USER_ID,LST_UPDT_DTTM,HASH_ALGR_ID) values (982174453,5,'2008-03-24','2008-03-24','2010-03-17',925641597,null,'TD-20380','2010-Rotation','2010-03-17',21);
Insert into DATA_TYP_ECRP_KEY_T (DATA_TYP_ECRP_KEY_ID,DATA_TYP_ID,CRT_DTTM,KEY_EFF_STRT_DT,KEY_EFF_END_DT,ECRP_KEY_ID,JAVA_DATA_OBJ_VER_NBR,CRT_USER_ID,LST_UPDT_USER_ID,LST_UPDT_DTTM,HASH_ALGR_ID) values (558597245,3,'2008-03-24','2008-03-24','2010-03-17',880730763,null,'TD-20380','2010-Rotation','2010-03-17',21);
Insert into DATA_TYP_ECRP_KEY_T (DATA_TYP_ECRP_KEY_ID,DATA_TYP_ID,CRT_DTTM,KEY_EFF_STRT_DT,KEY_EFF_END_DT,ECRP_KEY_ID,JAVA_DATA_OBJ_VER_NBR,CRT_USER_ID,LST_UPDT_USER_ID,LST_UPDT_DTTM,HASH_ALGR_ID) values (538801665,5,'2010-03-17','2010-03-17','2999-01-01',102515227,null,'2010-Rotation','2010-Rotation','2010-03-17',21);
Insert into DATA_TYP_ECRP_KEY_T (DATA_TYP_ECRP_KEY_ID,DATA_TYP_ID,CRT_DTTM,KEY_EFF_STRT_DT,KEY_EFF_END_DT,ECRP_KEY_ID,JAVA_DATA_OBJ_VER_NBR,CRT_USER_ID,LST_UPDT_USER_ID,LST_UPDT_DTTM,HASH_ALGR_ID) values (1321553686,4,'2010-03-17','2010-03-17','2999-01-01',227292901,null,'2010-Rotation','2010-Rotation','2010-03-17',21);
Insert into DATA_TYP_ECRP_KEY_T (DATA_TYP_ECRP_KEY_ID,DATA_TYP_ID,CRT_DTTM,KEY_EFF_STRT_DT,KEY_EFF_END_DT,ECRP_KEY_ID,JAVA_DATA_OBJ_VER_NBR,CRT_USER_ID,LST_UPDT_USER_ID,LST_UPDT_DTTM,HASH_ALGR_ID) values (393022107,8,'2010-03-17','2010-03-17','2999-01-01',2095366493,null,'2010-Rotation','2010-Rotation','2010-03-17',21);
Insert into DATA_TYP_ECRP_KEY_T (DATA_TYP_ECRP_KEY_ID,DATA_TYP_ID,CRT_DTTM,KEY_EFF_STRT_DT,KEY_EFF_END_DT,ECRP_KEY_ID,JAVA_DATA_OBJ_VER_NBR,CRT_USER_ID,LST_UPDT_USER_ID,LST_UPDT_DTTM,HASH_ALGR_ID) values (767544021,6,'2010-03-17','2010-03-17','2999-01-01',1894180146,null,'2010-Rotation','2010-Rotation','2010-03-17',21);
Insert into DATA_TYP_ECRP_KEY_T (DATA_TYP_ECRP_KEY_ID,DATA_TYP_ID,CRT_DTTM,KEY_EFF_STRT_DT,KEY_EFF_END_DT,ECRP_KEY_ID,JAVA_DATA_OBJ_VER_NBR,CRT_USER_ID,LST_UPDT_USER_ID,LST_UPDT_DTTM,HASH_ALGR_ID) values (27122500,2,'2008-03-11','2008-01-01','2008-03-20',1885311985,null,'harish','TD-20380','2008-03-20',21);
Insert into DATA_TYP_ECRP_KEY_T (DATA_TYP_ECRP_KEY_ID,DATA_TYP_ID,CRT_DTTM,KEY_EFF_STRT_DT,KEY_EFF_END_DT,ECRP_KEY_ID,JAVA_DATA_OBJ_VER_NBR,CRT_USER_ID,LST_UPDT_USER_ID,LST_UPDT_DTTM,HASH_ALGR_ID) values (924577024,1,'2008-03-08','2008-03-08','2008-03-24',298034979,null,'TD-20380','TD-20380','2008-03-24',21);
Insert into DATA_TYP_ECRP_KEY_T (DATA_TYP_ECRP_KEY_ID,DATA_TYP_ID,CRT_DTTM,KEY_EFF_STRT_DT,KEY_EFF_END_DT,ECRP_KEY_ID,JAVA_DATA_OBJ_VER_NBR,CRT_USER_ID,LST_UPDT_USER_ID,LST_UPDT_DTTM,HASH_ALGR_ID) values (1638127412,5,'2008-03-08','2008-03-08','2008-03-24',2140349647,null,'TD-20380','TD-20380','2008-03-24',21);
Insert into DATA_TYP_ECRP_KEY_T (DATA_TYP_ECRP_KEY_ID,DATA_TYP_ID,CRT_DTTM,KEY_EFF_STRT_DT,KEY_EFF_END_DT,ECRP_KEY_ID,JAVA_DATA_OBJ_VER_NBR,CRT_USER_ID,LST_UPDT_USER_ID,LST_UPDT_DTTM,HASH_ALGR_ID) values (1093295936,3,'2008-03-08','2008-03-08','2008-03-24',1518210394,null,'TD-20380','TD-20380','2008-03-24',21);
Insert into DATA_TYP_ECRP_KEY_T (DATA_TYP_ECRP_KEY_ID,DATA_TYP_ID,CRT_DTTM,KEY_EFF_STRT_DT,KEY_EFF_END_DT,ECRP_KEY_ID,JAVA_DATA_OBJ_VER_NBR,CRT_USER_ID,LST_UPDT_USER_ID,LST_UPDT_DTTM,HASH_ALGR_ID) values (258436844,4,'2008-03-08','2008-03-08','2008-03-24',1775179499,null,'TD-20380','TD-20380','2008-03-24',21);
Insert into DATA_TYP_ECRP_KEY_T (DATA_TYP_ECRP_KEY_ID,DATA_TYP_ID,CRT_DTTM,KEY_EFF_STRT_DT,KEY_EFF_END_DT,ECRP_KEY_ID,JAVA_DATA_OBJ_VER_NBR,CRT_USER_ID,LST_UPDT_USER_ID,LST_UPDT_DTTM,HASH_ALGR_ID) values (1753890328,8,'2008-03-08','2008-03-08','2008-03-24',904715784,null,'TD-20380','TD-20380','2008-03-24',21);
Insert into DATA_TYP_ECRP_KEY_T (DATA_TYP_ECRP_KEY_ID,DATA_TYP_ID,CRT_DTTM,KEY_EFF_STRT_DT,KEY_EFF_END_DT,ECRP_KEY_ID,JAVA_DATA_OBJ_VER_NBR,CRT_USER_ID,LST_UPDT_USER_ID,LST_UPDT_DTTM,HASH_ALGR_ID) values (1465062291,6,'2008-03-08','2008-03-08','2008-03-24',1122531190,null,'TD-20380','TD-20380','2008-03-24',21);
Insert into DATA_TYP_ECRP_KEY_T (DATA_TYP_ECRP_KEY_ID,DATA_TYP_ID,CRT_DTTM,KEY_EFF_STRT_DT,KEY_EFF_END_DT,ECRP_KEY_ID,JAVA_DATA_OBJ_VER_NBR,CRT_USER_ID,LST_UPDT_USER_ID,LST_UPDT_DTTM,HASH_ALGR_ID) values (1199579729,2,'2008-03-20','2008-03-20','2008-03-25',418192863,null,'TD-20380','TD-20380','2008-03-25',21);
Insert into DATA_TYP_ECRP_KEY_T (DATA_TYP_ECRP_KEY_ID,DATA_TYP_ID,CRT_DTTM,KEY_EFF_STRT_DT,KEY_EFF_END_DT,ECRP_KEY_ID,JAVA_DATA_OBJ_VER_NBR,CRT_USER_ID,LST_UPDT_USER_ID,LST_UPDT_DTTM,HASH_ALGR_ID) values (1526441386,4,'2008-03-24','2008-03-24','2010-03-17',901451314,null,'TD-20380','2010-Rotation','2010-03-17',21);
Insert into DATA_TYP_ECRP_KEY_T (DATA_TYP_ECRP_KEY_ID,DATA_TYP_ID,CRT_DTTM,KEY_EFF_STRT_DT,KEY_EFF_END_DT,ECRP_KEY_ID,JAVA_DATA_OBJ_VER_NBR,CRT_USER_ID,LST_UPDT_USER_ID,LST_UPDT_DTTM,HASH_ALGR_ID) values (823871863,8,'2008-03-24','2008-03-24','2010-03-17',1995474492,null,'TD-20380','2010-Rotation','2010-03-17',21);
Insert into DATA_TYP_ECRP_KEY_T (DATA_TYP_ECRP_KEY_ID,DATA_TYP_ID,CRT_DTTM,KEY_EFF_STRT_DT,KEY_EFF_END_DT,ECRP_KEY_ID,JAVA_DATA_OBJ_VER_NBR,CRT_USER_ID,LST_UPDT_USER_ID,LST_UPDT_DTTM,HASH_ALGR_ID) values (337425103,6,'2008-03-24','2008-03-24','2010-03-17',625602182,null,'TD-20380','2010-Rotation','2010-03-17',21);
Insert into DATA_TYP_ECRP_KEY_T (DATA_TYP_ECRP_KEY_ID,DATA_TYP_ID,CRT_DTTM,KEY_EFF_STRT_DT,KEY_EFF_END_DT,ECRP_KEY_ID,JAVA_DATA_OBJ_VER_NBR,CRT_USER_ID,LST_UPDT_USER_ID,LST_UPDT_DTTM,HASH_ALGR_ID) values (1308529418,2,'2008-03-25','2008-03-25','2010-03-22',115559428,null,'TD-20380','2010-Rotation','2010-03-22',21);
Insert into DATA_TYP_ECRP_KEY_T (DATA_TYP_ECRP_KEY_ID,DATA_TYP_ID,CRT_DTTM,KEY_EFF_STRT_DT,KEY_EFF_END_DT,ECRP_KEY_ID,JAVA_DATA_OBJ_VER_NBR,CRT_USER_ID,LST_UPDT_USER_ID,LST_UPDT_DTTM,HASH_ALGR_ID) values (1135800219,3,'2010-03-02','2010-03-02','2010-03-03',1233888921,null,'CR-118811','CR-118811','2010-03-02',21);
Insert into DATA_TYP_ECRP_KEY_T (DATA_TYP_ECRP_KEY_ID,DATA_TYP_ID,CRT_DTTM,KEY_EFF_STRT_DT,KEY_EFF_END_DT,ECRP_KEY_ID,JAVA_DATA_OBJ_VER_NBR,CRT_USER_ID,LST_UPDT_USER_ID,LST_UPDT_DTTM,HASH_ALGR_ID) values (1064022616,2,'2010-03-22','2010-03-22','2999-01-01',764468259,null,'2010-Rotation','2010-Rotation','2010-03-22',21);
Insert into DATA_TYP_ECRP_KEY_T (DATA_TYP_ECRP_KEY_ID,DATA_TYP_ID,CRT_DTTM,KEY_EFF_STRT_DT,KEY_EFF_END_DT,ECRP_KEY_ID,JAVA_DATA_OBJ_VER_NBR,CRT_USER_ID,LST_UPDT_USER_ID,LST_UPDT_DTTM,HASH_ALGR_ID) values (1074357248,9,'2007-08-27','2007-01-01','2007-01-30',204811025,null,'harish','harish','2007-08-27',21);
Insert into DATA_TYP_ECRP_KEY_T (DATA_TYP_ECRP_KEY_ID,DATA_TYP_ID,CRT_DTTM,KEY_EFF_STRT_DT,KEY_EFF_END_DT,ECRP_KEY_ID,JAVA_DATA_OBJ_VER_NBR,CRT_USER_ID,LST_UPDT_USER_ID,LST_UPDT_DTTM,HASH_ALGR_ID) values (2048291530,4,'2008-03-24','2008-03-24','2008-03-24',1380923317,null,'TD-20380','TD-20380','2008-03-24',21);
Insert into DATA_TYP_ECRP_KEY_T (DATA_TYP_ECRP_KEY_ID,DATA_TYP_ID,CRT_DTTM,KEY_EFF_STRT_DT,KEY_EFF_END_DT,ECRP_KEY_ID,JAVA_DATA_OBJ_VER_NBR,CRT_USER_ID,LST_UPDT_USER_ID,LST_UPDT_DTTM,HASH_ALGR_ID) values (714865336,4,'2008-03-24','2008-03-24','2008-03-24',226068416,null,'TD-20380','TD-20380','2008-03-24',21);
Insert into DATA_TYP_ECRP_KEY_T (DATA_TYP_ECRP_KEY_ID,DATA_TYP_ID,CRT_DTTM,KEY_EFF_STRT_DT,KEY_EFF_END_DT,ECRP_KEY_ID,JAVA_DATA_OBJ_VER_NBR,CRT_USER_ID,LST_UPDT_USER_ID,LST_UPDT_DTTM,HASH_ALGR_ID) values (538801666,9,'2010-03-17','2010-03-17','2999-01-01',102515227,null,'2010-Rotation','2010-Rotation','2010-03-17',21);


Insert into DATA_TYP_T (DATA_TYP_ID,DATA_TYP_NM,CRT_USER_ID,CRT_DTTM,LST_UPDT_USER_ID,LST_UPDT_DTTM) values (1,'GiftCardNumber','Dave','2005-03-31','Dave','2005-03-31');
Insert into DATA_TYP_T (DATA_TYP_ID,DATA_TYP_NM,CRT_USER_ID,CRT_DTTM,LST_UPDT_USER_ID,LST_UPDT_DTTM) values (2,'Password','Dave','2005-03-31','Dave','2005-03-31');
Insert into DATA_TYP_T (DATA_TYP_ID,DATA_TYP_NM,CRT_USER_ID,CRT_DTTM,LST_UPDT_USER_ID,LST_UPDT_DTTM) values (3,'StoredValueCardNumber','Dave','2005-03-31','Dave','2005-03-31');
Insert into DATA_TYP_T (DATA_TYP_ID,DATA_TYP_NM,CRT_USER_ID,CRT_DTTM,LST_UPDT_USER_ID,LST_UPDT_DTTM) values (4,'StoredValueCardPin','Dave','2005-03-31','Dave','2005-03-31');
Insert into DATA_TYP_T (DATA_TYP_ID,DATA_TYP_NM,CRT_USER_ID,CRT_DTTM,LST_UPDT_USER_ID,LST_UPDT_DTTM) values (5,'GiftCardPin','Dave','2005-03-31','Dave','2005-03-31');
Insert into DATA_TYP_T (DATA_TYP_ID,DATA_TYP_NM,CRT_USER_ID,CRT_DTTM,LST_UPDT_USER_ID,LST_UPDT_DTTM) values (6,'CreditCardExpiryYear','Dave','2005-03-31','Dave','2005-03-31');
Insert into DATA_TYP_T (DATA_TYP_ID,DATA_TYP_NM,CRT_USER_ID,CRT_DTTM,LST_UPDT_USER_ID,LST_UPDT_DTTM) values (7,'DefaultKey','Dave','2005-03-31','Dave','2005-03-31');
Insert into DATA_TYP_T (DATA_TYP_ID,DATA_TYP_NM,CRT_USER_ID,CRT_DTTM,LST_UPDT_USER_ID,LST_UPDT_DTTM) values (8,'CreditCardExpiryMonth','Dave','2005-03-31','Dave','2005-03-31');
Insert into DATA_TYP_T (DATA_TYP_ID,DATA_TYP_NM,CRT_USER_ID,CRT_DTTM,LST_UPDT_USER_ID,LST_UPDT_DTTM) values (9,'GiftCardTrack2','Jagdish','2009-10-31','Jagdish','2009-10-31');

Insert into HASH_ALGR_T (HASH_ALGR_ID,HASH_ALGR_NM,CRT_DTTM,CRT_USER_ID,LST_UPDT_USER_ID,LST_UPDT_DTTM) values (21,'SHA-1','2005-03-31','Dave','Dave','2005-03-31');
Insert into HASH_ALGR_T (HASH_ALGR_ID,HASH_ALGR_NM,CRT_DTTM,CRT_USER_ID,LST_UPDT_USER_ID,LST_UPDT_DTTM) values (22,'SHA-1','2005-03-31','Dave','Dave','2005-03-31');
Insert into HASH_ALGR_T (HASH_ALGR_ID,HASH_ALGR_NM,CRT_DTTM,CRT_USER_ID,LST_UPDT_USER_ID,LST_UPDT_DTTM) values (31,'SHA-1','2005-03-31','Dave','Dave','2005-03-31');
Insert into HASH_ALGR_T (HASH_ALGR_ID,HASH_ALGR_NM,CRT_DTTM,CRT_USER_ID,LST_UPDT_USER_ID,LST_UPDT_DTTM) values (32,'SHA-1','2005-03-31','Dave','Dave','2005-03-31');
Insert into HASH_ALGR_T (HASH_ALGR_ID,HASH_ALGR_NM,CRT_DTTM,CRT_USER_ID,LST_UPDT_USER_ID,LST_UPDT_DTTM) values (1,'SHA-1','2005-03-31','Dave','Dave','2005-03-31');
Insert into HASH_ALGR_T (HASH_ALGR_ID,HASH_ALGR_NM,CRT_DTTM,CRT_USER_ID,LST_UPDT_USER_ID,LST_UPDT_DTTM) values (11,'SHA-1','2005-03-31','Dave','Dave','2005-03-31');

insert into ECRP_DATA_01_T values ('675B2676EB62204E61B7389377C71937', '2022-01-17', 808409643, RAWTOHEX('123456'), 'uHPcAxbxJ0PNUeuGy7f9gBBAf1Y=', 1, 'UNAUTHENTICATED', 'UNAUTHENTICATED', '2022-01-17');
insert into ECRP_DATA_01_T values ('335B2676EB62204E61B7389377C71937', '2022-03-11', 808409643, RAWTOHEX('-850742406'), 'B1C9uQH5jfAzVNkNCG+HLtnY05s=', 1, 'UNAUTHENTICATED', 'UNAUTHENTICATED', '2022-01-17');
insert into ECRP_DATA_01_T values ('975B2676EB62204E61B7389377C71937', '2022-01-17', 558597245, RAWTOHEX('123456'), 'uHPcAxbxJ0PNUeuGy7f9gBBAf1Y=', 1, 'UNAUTHENTICATED', 'UNAUTHENTICATED', '2022-01-17');
insert into ECRP_DATA_01_T values ('875B2676EB62204E61B7389377C71937', '2022-03-22', 558597245, RAWTOHEX('-850742406'), 'pHPcAxbxJ0PNUeuGy7f9gBBAf1Y=', 1, 'test', 'test', '2022-03-22');
insert into ECRP_DATA_01_T values ('56AB2676EB62204E61B7389377C71774', '2022-03-22', 1638127412, RAWTOHEX('123456'), 'Kr1V4AHFJMss9jAKicpjZoSKd9U=', 1, 'test', 'test', '2022-03-22');
insert into ECRP_DATA_01_T values ('99082676EB62204E61B7389377C71774', '2022-03-22', 767544021, RAWTOHEX('123456'), 'RFzS/TJzlivfCUJRCaLQn3Fw6Dc=', 1, 'test', 'test', '2022-03-22');
insert into ECRP_DATA_01_T values ('7685AC676EB62204E61B7389377C7177', '2022-03-22', 1753890328, RAWTOHEX('123456'), 'S1gc3OYoNJX9STTOV0rEfpKIHGQ=', 1, 'test', 'test', '2022-03-22');
insert into ECRP_DATA_01_T values ('3256RF36EB62204E61B7389377C71774', '2022-03-22', 538801666, RAWTOHEX('123456'), 'MZ5hXLIWlb9hXZbgEtEkUJrpyNY=', 1, 'test', 'test', '2022-03-22');
--------------------------------------------------------
--  DML Data for the mapping table (ITTOKEN-469)
--------------------------------------------------------
insert into ECRP_DATA_04_T values ('TESTVAULTIDDEVGEN', 'firstsixlastfour','99999999999999','Hallisson','Hallisson','2015-05-14','2015-05-14','99999999999999','bluefinId4');


--------------------------------------------------------
--  DML Data for token tests (ETOK2-149)
--------------------------------------------------------
insert into ECRP_DATA_04_T values ('VAULTID1', 'firstsixlastfour','123456789987654321','Hallisson','Hallisson','2015-05-14','2015-05-14','123456789987654321','bluefinId1');
insert into ECRP_DATA_04_T values ('VAULTID2', 'firstsixlastfour','123456789987654322','Hallisson','Hallisson','2015-05-14','2015-05-14','123456789987654322','bluefinId2');
insert into ECRP_DATA_04_T values ('VAULTID3', 'firstsixlastfour','123456789987654323','Hallisson','Hallisson','2015-05-14','2015-05-14','123456789987654323','bluefinId3');
insert into ECRP_DATA_04_T values ('557DBBECD777AF264D7AD1FB51E826CD', 'firstsixlastfour','4111110343851111','UNAUTHENTICATED','UNAUTHENTICATED','2015-05-14','2022-03-10','4111110253851111','djI6MTIwMjIwMzEwMTI0MDUzMTAyMzEzNDY4NXxiYzVkMDU3YjUwMzkyMDA3N2JkZjBiZmE3ODVhYWU2Znx8fA==');
--------------------------------------------------------
--  DML Data for token tests (ETOK2-237)
--------------------------------------------------------
insert into ECRP_DATA_03_T values ('275B2676EB62204E61B7389377C71937', '2015-05-14', 1064022616, RAWTOHEX('123456'), 'iHPcAxbxJ0PNUeuGy7f9gBBAf1Y=', 1, 'UNAUTHENTICATED', 'UNAUTHENTICATED', '2015-05-14');
insert into ECRP_DATA_03_T values ('789B2676EB62204E61B7389377C71567', '2022-03-10', 1199579729, RAWTOHEX('123456'), 'yDh8zQoRLev4+ctcA5myYN3fut4=', 1, 'UNAUTHENTICATED', 'UNAUTHENTICATED', '2015-05-14');

--------------------------------------------------------
--  DML Data for LOOKUP_DATA
--------------------------------------------------------
insert into LOOKUP_DATA values (1, 'BLUEFIN', 'true');
insert into LOOKUP_DATA values (2, 'LEGACY', 'false');
insert into LOOKUP_DATA values (3, 'AZUREDBTIMEOUT', '10');
